Metric,Value
MAE_Harris,41.3810620765031
MAE_Trump,41.3810620765031
State_Accuracy,0.49019607843137253
Brier_Score,0.26186426347338015
